run	note	first_step	last_step_in_plot	n_lcurve_rows_in_plot	step10000_total	best_0_to_10000_total	best_0_to_10000_total_step	last10pct_median_0_to_10000_total	step10000_energy	best_0_to_10000_energy	best_0_to_10000_energy_step	last10pct_median_0_to_10000_energy	step10000_force	best_0_to_10000_force	best_0_to_10000_force_step	last10pct_median_0_to_10000_force	step10000_virial_stress	best_0_to_10000_virial_stress	best_0_to_10000_virial_stress_step	last10pct_median_0_to_10000_virial_stress
1gpu	linear, 100k requested	0	10000	1001	20	5.03	9580	14.5	0.0347	3.32e-05	4940	0.0522	1.09	0.274	9580	0.791	0.256	0.0063	1780	0.0517
4gpu	linear, 100k requested	0	10000	1001	22	4.45	9580	11.2	0.312	0.000136	5640	0.0509	1.18	0.21	9580	0.597	0.19	0.00791	8930	0.0497
8gpu	linear, 100k requested	0	10000	1001	18.3	4.55	9580	10.7	0.0892	0.000531	5340	0.0532	1.01	0.217	4140	0.575	0.181	0.00776	9580	0.0563
