run	note	first_step	last_step	n_lcurve_rows	final_total	best_total	best_total_step	last10pct_median_total	final_energy	best_energy	best_energy_step	last10pct_median_energy	final_force	best_force	best_force_step	last10pct_median_force	final_virial_stress	best_virial_stress	best_virial_stress_step	last10pct_median_virial_stress
1gpu	linear, 100k requested	0	100000	10001	1.3	0.396	93310	1.1	0.0208	5.2e-06	61370	0.0179	0.726	0.195	31730	0.629	0.0378	0.00539	52180	0.0279
4gpu	linear, 100k requested	0	100000	10001	0.997	0.303	82960	0.982	0.018	8.24e-06	37730	0.0148	0.636	0.17	11360	0.566	0.022	0.00381	46680	0.0251
8gpu	linear, 100k requested	0	100000	10001	11.4	0.887	32080	12.4	0.0611	1.39e-05	51310	0.0834	2.1	0.128	24530	2.27	0.506	0.005	32530	0.542
16gpu	linear continuation to 100k	50000	100000	5001	21	2.67	75410	26.5	0.82	0.000413	52540	0.951	1.5	1.04	73650	2.02	0.497	0.0231	90510	0.374
