framework	run	label	note	first_step	last_step	n_lcurve_rows	final_total	best_total	best_total_step	last10pct_median_total	final_energy	best_energy	best_energy_step	last10pct_median_energy	final_force	best_force	best_force_step	last10pct_median_force	final_virial_stress	best_virial_stress	best_virial_stress_step	last10pct_median_virial_stress
TF	1gpu	TF 1gpu	linear, 100k requested	0	100000	10001	1.3	0.396	93310	1.1	0.0208	5.2e-06	61370	0.0179	0.726	0.195	31730	0.629	0.0378	0.00539	52180	0.0279
TF	4gpu	TF 4gpu	none, 100k requested	0	100000	10001	1.1	0.316	89330	0.9	0.0188	2.19e-06	51690	0.0148	0.612	0.154	44180	0.516	0.0318	0.00176	60180	0.0229
PT	1gpu	PT 1gpu	none, 100k requested	1	100000	10001	1.05	0.417	98040	1.08	0.0269	1.28e-06	23500	0.0172	0.512	0.184	44100	0.618	0.0292	0.00243	38630	0.0272
PT	4gpu	PT 4gpu	none, 100k requested	1	100000	10001	0.863	0.337	90140	0.922	0.0212	2.41e-06	70830	0.0154	0.389	0.155	39410	0.514	0.0247	0.00315	86300	0.0232
